Product/VAC name,CSVs generated,Testload,Available CasJobs,Metadata added?,Publish to BestDR20,SQL,CSV,Downloaded CSV,Notes,CSV reloading finished?,VAC Announcement,DB table Name(s),Extra indices needed,Spatial search needed?
spall,TRUE,TRUE,TRUE,FALSE,TRUE,https://github.com/sdss/casload/tree/boss-ipl4/sql/spall.sql,/uufs/chpc.utah.edu/common/home/sdss/dr20/data/cas-load/ebCSV/spAll.csv,\\SDSS4C\d$\sql_db\staging\sdss5\casload\dr20\ebCSV\spAll.csv,,,,spall,,
spall_epoch,TRUE,TRUE,FALSE,FALSE,FALSE,https://github.com/sdss/casload/tree/boss-ipl4/sql/spall_epoch.sql,/uufs/chpc.utah.edu/common/home/sdss/dr20/data/cas-load/ebCSV/spAll_epoch.csv,\\SDSS4C\d$\sql_db\staging\sdss5\casload\dr20\ebCSV\spAll_epoch.csv,,,,spall_epoch,,
spAll_allepoch,TRUE,TRUE,FALSE,FALSE,FALSE,https://github.com/sdss/casload/tree/boss-ipl4/sql/spall_allepoch.sql,/uufs/chpc.utah.edu/common/home/sdss/dr20/data/cas-load/ebCSV/spAll_allepoch.csv,\\SDSS4C\d$\sql_db\staging\sdss5\casload\dr20\ebCSV\spAll_allepoch.csv,,,,spall_allepoch,,
,FALSE,FALSE,FALSE,FALSE,FALSE,,,,,,,,,
lvm_drpall,TRUE,TRUE,FALSE,FALSE,FALSE,https://github.com/sdss/casload/blob/master/sql/lvm/lvm_drpall.sql,/uufs/chpc.utah.edu/common/home/sdss/dr20/data/cas-load/lvmCSV/lvm_drpall.csv,\\SDSS4C\d$\sql_db\staging\sdss5\casload\dr20\lvmCSV\lvm_drpall.csv,,,,lvm_drpall,,
lvm_dapall,TRUE,TRUE,FALSE,FALSE,FALSE,https://github.com/sdss/casload/blob/master/sql/lvm/lvm_dapall.sql,/uufs/chpc.utah.edu/common/home/sdss/dr20/data/cas-load/lvmCSV/lvm_dapall.csv,\\SDSS4C\d$\sql_db\staging\sdss5\casload\dr20\lvmCSV\lvm_dapall.csv,,,,lvm_dapall,,
,FALSE,FALSE,FALSE,FALSE,FALSE,,,,,,,,,
minidb,TRUE,TRUE,TRUE,TRUE,TRUE,,,,,,,,,
,FALSE,FALSE,FALSE,FALSE,FALSE,,,,,,,,,
,FALSE,FALSE,FALSE,FALSE,FALSE,,,,,,,,,
VAC 05 - MWM_STELLAR_AGE,TRUE,FALSE,FALSE,FALSE,FALSE,https://github.com/sdss/casload/blob/DR20_VAC_05/sql/MWM/gyro_age_dwarf.sql,/uufs/chpc.utah.edu/common/home/sdss/dr20/data/cas-load/mwmCSV/Stellar-Age_VAC/gyro_age_dwarf.csv,\\\\SDSS4C\d$\sql_db\staging\sdss5\casload\dr20\mwmCSV\stellar-age\gyro_age_dwarf.csv,,,,gyro_age_dwarf,,
VAC 18 - MWM_YSO,TRUE,FALSE,FALSE,FALSE,FALSE,https://github.com/sdss/casload/blob/DR20_VAC_18/sql/MWM/yso_ob_kin.sql,/uufs/chpc.utah.edu/common/home/sdss/dr20/data/cas-load/mwmCSV/yso_ob_kin_VAC/yso_ob_kin.csv,\\SDSS4C\d$\sql_db\staging\sdss5\casload\dr20\mwmCSV\yso\ob-kin\yso_ob_kin.csv,,,,yso_ob_kin,,
VAC 20 - MWM_MDWARF,TRUE,FALSE,FALSE,FALSE,FALSE,https://github.com/sdss/casload/blob/DR20_VAC20/sql/MWM/mdwarf_contin_summary.sql,/uufs/chpc.utah.edu/common/home/sdss/dr20/data/cas-load/mwmCSV/mdwarf-contin_VAC/mdwarf-contin-standardization-1.0.0.csv,\\SDSS4C\d$\sql_db\staging\sdss5\casload\dr20\mwmCSV\m-dwarf\mdwarf-contin\mdwarf-contin-standardization-1.0.0.csv,"3 Array columns in the H5 file were discarded: delta_ra, delta_dec and sdss5_target_flags",,,mdwarf_contin_summary,,
VAC 21- boss occam cluster,TRUE,FALSE,FALSE,FALSE,FALSE,https://github.com/sdss/casload/blob/DR20_VAC_21/sql/MWM/boss_occam_cluster.sql,/uufs/chpc.utah.edu/common/home/sdss/dr20/data/cas-load/mwmCSV/boss-occam/BOSS_occam_cluster-DR20-v1.csv,\\SDSS4C\d$\sql_db\staging\sdss5\casload\dr20\mwmCSV\boss-occam\BOSS_occam_cluster-DR20-v1.csv,,,,boss_occam_cluster,,
VAC 21- boss occam member,TRUE,FALSE,FALSE,FALSE,FALSE,https://github.com/sdss/casload/blob/DR20_VAC_21/sql/MWM/boss_occam_member.sql,/uufs/chpc.utah.edu/common/home/sdss/dr20/data/cas-load/mwmCSV/boss-occam/BOSS_occam_member-DR20-v1.csv,\\SDSS4C\d$\sql_db\staging\sdss5\casload\dr20\mwmCSV\boss-occam\BOSS_occam_member-DR20-v1.csv,,,,boss_occam_member,,
VAC 22 - minesweeper,TRUE,FALSE,FALSE,FALSE,FALSE,https://github.com/sdss/casload/blob/DR20_VAC_22/sql/MWM/minesweeper.sql,/uufs/chpc.utah.edu/common/home/sdss/dr20/data/cas-load/mwmCSV/minesweeper/minesweeper_v1.2.2.csv,\\SDSS4C\d$\sql_db\staging\sdss5\casload\dr20\mwmCSV\minesweeper\minesweeper_v1.2.2.csv,,,,minesweeper,,
VAC 24 - Spiders AGN (line properties),TRUE,FALSE,FALSE,FALSE,FALSE,https://github.com/sdss/casload/blob/DR20_VAC_24/sql/BHM/efeds_spiders_agn_line_properties.sql,/uufs/chpc.utah.edu/common/home/sdss/dr20/data/cas-load/bhmCSV/spiders-agn/efeds_spiders_agn_line_properties.csv,\\SDSS4C\d$\sql_db\staging\sdss5\casload\dr20\bhmCSV\spiders-agn\efeds_spiders_agn_line_properties.csv,,,,efeds_spiders_agn_line_properties,,
VAC 24 - Spiders AGN (decomposition results),TRUE,FALSE,FALSE,FALSE,FALSE,https://github.com/sdss/casload/blob/DR20_VAC_24/sql/BHM/efeds_spiders_agn_host_decomposition.sql,/uufs/chpc.utah.edu/common/home/sdss/dr20/data/cas-load/bhmCSV/spiders-agn/efeds_spiders_agn_host_decomposition.csv,\\SDSS4C\d$\sql_db\staging\sdss5\casload\dr20\bhmCSV\spiders-agn\efeds_spiders_agn_host_decomposition.csv,,,,efeds_spiders_agn_host_decomposition,,
VAC 24 - Spiders AGN (derived properties),TRUE,FALSE,FALSE,FALSE,FALSE,https://github.com/sdss/casload/blob/DR20_VAC_24/sql/BHM/efeds_spiders_agn_classification_props.sql,/uufs/chpc.utah.edu/common/home/sdss/dr20/data/cas-load/bhmCSV/spiders-agn/efeds_spiders_agn_classification_props.csv,\\SDSS4C\d$\sql_db\staging\sdss5\casload\dr20\bhmCSV\spiders-agn\efeds_spiders_agn_classification_props.csv,,,,efeds_spiders_agn_classification_props,,
VAC 24 - Spiders AGN (fit parameters),TRUE,FALSE,FALSE,FALSE,FALSE,https://github.com/sdss/casload/blob/DR20_VAC_24/sql/BHM/efeds_spiders_agn_fit_params.sql,/uufs/chpc.utah.edu/common/home/sdss/dr20/data/cas-load/bhmCSV/spiders-agn/efeds_spiders_agn_fit_params.csv,\\SDSS4C\d$\sql_db\staging\sdss5\casload\dr20\bhmCSV\spiders-agn\efeds_spiders_agn_fit_params.csv,,,,efeds_spiders_agn_fit_params,,
VAC 24 - Spiders AGN (Main X-RAY catalogue),TRUE,FALSE,FALSE,FALSE,FALSE,https://github.com/sdss/casload/blob/DR20_VAC_24/sql/BHM/efeds_spiders_agn_main_xray_catalogue.sql,/uufs/chpc.utah.edu/common/home/sdss/dr20/data/cas-load/bhmCSV/spiders-agn/efeds_spiders_agn_main_xray_catalogue.csv,\\SDSS4C\d$\sql_db\staging\sdss5\casload\dr20\bhmCSV\spiders-agn\efeds_spiders_agn_main_xray_catalogue.csv,,,,efeds_spiders_agn_main_xray_catalogue,,
VAC 24 - Spiders AGN (Hard X-RAY catalogue),TRUE,FALSE,FALSE,FALSE,FALSE,https://github.com/sdss/casload/blob/DR20_VAC_24/sql/BHM/efeds_spiders_agn_hard_xray_catalogue.sql,/uufs/chpc.utah.edu/common/home/sdss/dr20/data/cas-load/bhmCSV/spiders-agn/efeds_spiders_agn_hard_xray_catalogue.csv,\\SDSS4C\d$\sql_db\staging\sdss5\casload\dr20\bhmCSV\spiders-agn\efeds_spiders_agn_hard_xray_catalogue.csv,,,,efeds_spiders_agn_hard_xray_catalogue,,
VAC 24 - Spiders AGN (X-Ray spectral properties),TRUE,FALSE,FALSE,FALSE,FALSE,https://github.com/sdss/casload/blob/DR20_VAC_24/sql/BHM/efeds_spiders_agn_xray_spectral_props.sql,/uufs/chpc.utah.edu/common/home/sdss/dr20/data/cas-load/bhmCSV/spiders-agn/efeds_spiders_agn_xray_spectral_props.csv,\\SDSS4C\d$\sql_db\staging\sdss5\casload\dr20\bhmCSV\spiders-agn\efeds_spiders_agn_xray_spectral_props.csv,,,,efeds_spiders_agn_xray_spectral_props,,
VAC 24 - Spiders AGN (CTP),TRUE,FALSE,FALSE,FALSE,FALSE,https://github.com/sdss/casload/blob/DR20_VAC_24/sql/BHM/efeds_spiders_agn_ctp_salvato2022.sql,/uufs/chpc.utah.edu/common/home/sdss/dr20/data/cas-load/bhmCSV/spiders-agn/efeds_spiders_agn_ctp_salvato2022.csv,\\SDSS4C\d$\sql_db\staging\sdss5\casload\dr20\bhmCSV\spiders-agn\efeds_spiders_agn_ctp_salvato2022.csv,,,,efeds_spiders_agn_ctp_salvato2022,,
VAC 26 - BHM_QSOPROP,TRUE,FALSE,FALSE,FALSE,FALSE,https://github.com/sdss/casload/blob/DR20_VAC_26/sql/BHM/DR20Q_prop.sql,/uufs/chpc.utah.edu/common/home/sdss/dr20/data/cas-load/bhmCSV/qso-properties/DR20Q_prop-v6_2_1.csv,\\SDSS4C\d$\sql_db\staging\sdss5\casload\dr20\bhmCSV\qso-properties\DR20Q_prop-v6_2_1.csv,,,,DR20Q_prop ,,
VAC 27 - MWM RGB - modelSpectra,FALSE,FALSE,FALSE,FALSE,FALSE,,,,CSV not produced since FITS file contains model spectra,,,,,
VAC 27 - MWM RGB summary,TRUE,FALSE,FALSE,FALSE,FALSE,https://github.com/sdss/casload/blob/DR20_VAC_27/sql/MWM/payne4GAIN_summary.sql,/uufs/chpc.utah.edu/common/home/sdss/dr20/data/cas-load/mwmCSV/apogee_rgb_nlte_abundances/payne4GAIN_summary-1.1.1.csv,\\SDSS4C\d$\sql_db\staging\sdss5\casload\dr20\mwmCSV\apogee_rgb_nlte_abundances\payne4GAIN_summary-1.1.1.csv,,,,payne4GAIN_summary,,
VAC 28 - MWM_ISM,TRUE,FALSE,FALSE,FALSE,FALSE,https://github.com/sdss/casload/blob/DR10_VAC_28/sql/MWM/boss_ISM_NaI_absorption.sql,/uufs/chpc.utah.edu/common/home/sdss/dr20/data/cas-load/mwmCSV/NaI_ISM/boss_ISM_NaI_absorption-1.0.0.csv,\\SDSS4C\d$\sql_db\staging\sdss5\casload\dr20\mwmCSV\NaI_ISM\NaI_ISM/boss_ISM_NaI_absorption-1.0.0.csv,,,,boss_ISM_NaI_absorption,,
VAC 29 - MWM_WHITEDWARF (DA_DWD_Candidates),TRUE,FALSE,FALSE,FALSE,FALSE,https://github.com/sdss/casload/blob/DR20_VAC_29/sql/MWM/da_dwd_candidates.sql,/uufs/chpc.utah.edu/common/home/sdss/dr20/data/cas-load/mwmCSV/da_white_dwarf_binaries/da_dwd_candidates.csv,\\SDSS4C\d$\sql_db\staging\sdss5\casload\dr20\mwmCSV\da_white_dwarf_binaries\da_dwd_candidates.csv,,,,da_dwd_candidates,,
VAC 29 - MWM_WHITEDWARF (DA_DWD_RVs),TRUE,FALSE,FALSE,FALSE,FALSE,https://github.com/sdss/casload/blob/DR20_VAC_29/sql/MWM/da_dwd_rvs.sql,/uufs/chpc.utah.edu/common/home/sdss/dr20/data/cas-load/mwmCSV/da_white_dwarf_binaries/da_dwd_rvs.csv,\\SDSS4C\d$\sql_db\staging\sdss5\casload\dr20\mwmCSV\da_white_dwarf_binaries\da_dwd_rvs.csv,,,,da_dwd_rvs,,
VAC 30 - BHM_QSO_HOST (qms_hg_index_diagram),TRUE,FALSE,FALSE,FALSE,FALSE,https://github.com/sdss/casload/blob/DR20_VAC_30/sql/BHM/qms_hg_index_diagram.sql,/uufs/chpc.utah.edu/common/home/sdss/dr20/data/cas-load/bhmCSV/qms_hg/qms_hg_index_diagram.csv,\\SDSS4C\d$\sql_db\staging\sdss5\casload\dr20\bhmCSV\qms_hg\qms_hg_index_diagram.csv,,,,qms_hg_index_diagram,,
VAC 30 - BHM_QSO_HOST (qms_hg_h_hb_indices),TRUE,FALSE,FALSE,FALSE,FALSE,https://github.com/sdss/casload/blob/DR20_VAC_30/sql/BHM/qms_hg_h_hb_indices.sql,/uufs/chpc.utah.edu/common/home/sdss/dr20/data/cas-load/bhmCSV/qms_hg/qms_hg_h_hb_indices.csv,\\SDSS4C\d$\sql_db\staging\sdss5\casload\dr20\bhmCSV\qms_hg\qms_hg_h_hb_indices.csv,,,,qms_hg_h_hb_indices.csv,,
VAC 31 - MWM_WHITEDWARF,TRUE,FALSE,FALSE,FALSE,FALSE,https://github.com/sdss/casload/blob/DR20_VAC_31/sql/MWM/eROSITA_CVs_in_SDSS.sql,/uufs/chpc.utah.edu/common/home/sdss/dr20/data/cas-load/mwmCSV/eROSITA_CVs/eROSITA_CVs_in_SDSS-1.0.0.csv ,\\SDSS4C\d$\sql_db\staging\sdss5\casload\dr20\mwmCSV\eROSITA_CVs\eROSITA_CVs_in_SDSS-1.0.0.csv ,"Descriptions of some columns in SQL were updated, as requested by the author of VAC in a follow up email.",,,eROSITA_CVs,,
VAC 32 - MWM_ORBITS,TRUE,FALSE,FALSE,FALSE,FALSE,on hold: datamodel missing column/table descriptions,/uufs/chpc.utah.edu/common/home/sdss/dr20/data/cas-load/mwmCSV/orbits/GravPot16-1.0.0.csv,\\SDSS4C\d$\sql_db\staging\sdss5\casload\dr20\mwmCSV\orbits\GravPot16-1.0.0.csv,06/17/26  on hold: datamodel missing column/table descriptions,,,grav_pot_16,,
VAC 33 - DL1_SDSS_EROSITA (allepoch),TRUE,FALSE,FALSE,FALSE,FALSE,https://github.com/sdss/casload/blob/DR20_VAC_33/sql/MOS/DL1_spec_SDSSV_eROSITA_eRASS3_allepoch.sql,/uufs/chpc.utah.edu/common/home/sdss/dr20/data/cas-load/mosCSV/DL1_SDSS_eROSITA/DL1_spec_SDSSV_eROSITA_eRASS3_allepoch-v1_1_0.csv,\\SDSS4C\d$\sql_db\staging\sdss5\casload\dr20\mosCSV\DL1_SDSS_eROSITA\DL1_spec_SDSSV_eROSITA_eRASS3_allepoch-v1_1_0.csv,Note: Column 'sdss_target_flag' in FITS file not included in SQL file,,,DL1_spec_SDSSV_eROSITA_eRASS3_allepoch,,
VAC 33 - DL1_SDSS_EROSITA (daily),TRUE,FALSE,FALSE,FALSE,FALSE,https://github.com/sdss/casload/blob/DR20_VAC_33/sql/MOS/DL1_spec_SDSSV_eROSITA_eRASS3_daily.sql,/uufs/chpc.utah.edu/common/home/sdss/dr20/data/cas-load/mosCSV/DL1_SDSS_eROSITA/DL1_spec_SDSSV_eROSITA_eRASS3_daily-v1_1_0.csv,\\SDSS4C\d$\sql_db\staging\sdss5\casload\dr20\mosCSV\DL1_SDSS_eROSITA\DL1_spec_SDSSV_eROSITA_eRASS3_daily-v1_1_0.csv,Note: Column 'sdss_target_flag' in FITS file not included in SQL file,,,DL1_spec_SDSSV_eROSITA_eRASS3_daily,,
VAC 34 BHM_BLAZAR,TRUE,FALSE,FALSE,FALSE,FALSE,https://github.com/sdss/casload/blob/DR20_VAC_34/sql/BHM/fermi_blazar.sql,/uufs/chpc.utah.edu/common/home/sdss/dr20/data/cas-load/bhmCSV/boss_fermi_redshifts/fermi_blazar.csv,\\SDSS4C\d$\sql_db\staging\sdss5\casload\dr20\bhmCSV\boss_fermi_redshifts\fermi_blazar.csv,,,,fermi_blazar,,
VAC 35 MWM_MDWARF (mdwarf_active_params_,TRUE,FALSE,FALSE,FALSE,FALSE,https://github.com/sdss/casload/blob/DR20_VAC_35/sql/MWM/mdwarf_active_params.sql,/uufs/chpc.utah.edu/common/home/sdss/dr20/data/cas-load/mwmCSV/boss_spectral_activity/mdwarf_active_params-1.0.0.csv,\\SDSS4C\d$\sql_db\staging\sdss5\casload\dr20\mwmCSV\boss_spectral_activity\mdwarf_active_params-1.0.0.csv,,,,mdwarf_active_params,,
VAC 36 (boss_clam_lite),TRUE,FALSE,FALSE,FALSE,FALSE,https://github.com/sdss/casload/blob/DR20_VAC_36/sql/MWM/boss_clam_lite.sql,/uufs/chpc.utah.edu/common/home/sdss/dr20/data/cas-load/mwmCSV/boss_clam/boss_clam_lite-1.0.0.csv,\\SDSS4C\d$\sql_db\staging\sdss5\casload\dr20\mwmCSV\boss_clam\boss_clam_lite-1.0.0.csv,Note: Column 'sdss_target_flag' in FITS file not included in SQL file,,,boss_clam_lite,,
VAC 36 (boss_clam_params),TRUE,FALSE,FALSE,FALSE,FALSE,https://github.com/sdss/casload/blob/DR20_VAC_36/sql/MWM/boss_clam_params.sql,/uufs/chpc.utah.edu/common/home/sdss/dr20/data/cas-load/mwmCSV/boss_clam/boss_clam_params-1.0.0.csv,\\SDSS4C\d$\sql_db\staging\sdss5\casload\dr20\mwmCSV\boss_clam\boss_clam_params-1.0.0.csv,,,,boss_clam_params,,
VAC 37 (BHM visualization),TRUE,FALSE,FALSE,FALSE,FALSE,https://github.com/sdss/casload/blob/DR20_VAC_37/sql/BHM/boss_vi_results.sql,/uufs/chpc.utah.edu/common/home/sdss/dr20/data/cas-load/bhmCSV/visual-inspect/boss_vi_results-1.0.3.csv,\\SDSS4C\d$\sql_db\staging\sdss5\casload\dr20\bhmCSV\visual-inspect\boss_vi_results-1.0.3.csv,,,,boss_vi_results ,,
,FALSE,FALSE,FALSE,FALSE,FALSE,,,,,,,,,
astraAllStarBossNet,TRUE,TRUE,FALSE,FALSE,FALSE,https://github.com/sdss/casload/tree/astra_DR20/sql/astra/bossnet_star.sql,/uufs/chpc.utah.edu/common/home/sdss/dr20/data/cas-load/asCSV/astraAllStarBossNet.csv,\\SDSS4C\d$\sql_db\staging\sdss5\casload\dr20\asCSV\astraAllStarBossNet.csv,,,,boss_net_boss_star,,
astraAllVisitBossNet,TRUE,TRUE,FALSE,FALSE,FALSE,https://github.com/sdss/casload/tree/astra_DR20/sql/astra/bossnet_visit.sql,/uufs/chpc.utah.edu/common/home/sdss/dr20/data/cas-load/asCSV/astraAllVisitBossNet.csv,\\SDSS4C\d$\sql_db\staging\sdss5\casload\dr20\asCSV\astraAllVisitBossNet.csv,,,,boss_net_boss_visit,,
astraAllVisitCorv,TRUE,TRUE,FALSE,FALSE,FALSE,https://github.com/sdss/casload/tree/astra_DR20/sql/astra/corv_visit.sql,/uufs/chpc.utah.edu/common/home/sdss/dr20/data/cas-load/asCSV/astraAllVisitCorv.csv,\\SDSS4C\d$\sql_db\staging\sdss5\casload\dr20\asCSV\astraAllVisitCorv.csv,,,,boss_net_boss_visit,,
astraAllStarLineForest,TRUE,TRUE,FALSE,FALSE,FALSE,https://github.com/sdss/casload/tree/astra_DR20/sql/astra/lineforest_star.sql,/uufs/chpc.utah.edu/common/home/sdss/dr20/data/cas-load/asCSV/astraAllStarLineForest.csv,\\SDSS4C\d$\sql_db\staging\sdss5\casload\dr20\asCSV\astraAllStarLineForest.csv,,,,line_forest_boss_star,,
astraAllVisitLineForest,TRUE,TRUE,FALSE,FALSE,FALSE,https://github.com/sdss/casload/tree/astra_DR20/sql/astra/lineforest_visit.sql,/uufs/chpc.utah.edu/common/home/sdss/dr20/data/cas-load/asCSV/astraAllVisitLineForest.csv,\\SDSS4C\d$\sql_db\staging\sdss5\casload\dr20\asCSV\astraAllVisitLineForest.csv,,,,line_forest_boss_visit,,
astraAllStarMDwarfType,TRUE,TRUE,FALSE,FALSE,FALSE,https://github.com/sdss/casload/tree/astra_DR20/sql/astra/mdwarftype_star.sql,/uufs/chpc.utah.edu/common/home/sdss/dr20/data/cas-load/asCSV/astraAllStarMDwarfType.csv,\\SDSS4C\d$\sql_db\staging\sdss5\casload\dr20\asCSV\astraAllStarMDwarfType.csv,,,,m_dwarf_type_boss_star,,
astraAllVisitMDwarfType,TRUE,TRUE,FALSE,FALSE,FALSE,https://github.com/sdss/casload/tree/astra_DR20/sql/astra/mdwarftype_visit.sql,/uufs/chpc.utah.edu/common/home/sdss/dr20/data/cas-load/asCSV/astraAllVisitMDwarfType.csv,\\SDSS4C\d$\sql_db\staging\sdss5\casload\dr20\asCSV\astraAllVisitMDwarfType.csv,,,,m_dwarf_type_boss_visit,,
astraAllStarSlam,TRUE,TRUE,FALSE,FALSE,FALSE,https://github.com/sdss/casload/tree/astra_DR20/sql/astra/slam_star.sql,/uufs/chpc.utah.edu/common/home/sdss/dr20/data/cas-load/asCSV/astraAllStarSlam.csv,\\SDSS4C\d$\sql_db\staging\sdss5\casload\dr20\asCSV\astraAllStarSlam.csv,,,,slam_boss_star,,
astraAllStarSnowWhite,TRUE,TRUE,FALSE,FALSE,FALSE,https://github.com/sdss/casload/tree/astra_DR20/sql/astra/snowwhite_star.sql,/uufs/chpc.utah.edu/common/home/sdss/dr20/data/cas-load/asCSV/astraAllStarSnowWhite.csv,\\SDSS4C\d$\sql_db\staging\sdss5\casload\dr20\asCSV\astraAllStarSnowWhite.csv,,,,snow_white_boss_star,,
mwmTargets,TRUE,TRUE,TRUE,FALSE,TRUE,https://github.com/sdss/casload/tree/astra_DR20/sql/astra/mwm_targets.sql,/uufs/chpc.utah.edu/common/home/sdss/dr20/data/cas-load/asCSV/mwmTargets.csv,\\SDSS4C\d$\sql_db\staging\sdss5\casload\dr20\asCSV\mwmTargets.csv,,,,mwm_targets,,
mwmAllStar (boss),TRUE,TRUE,FALSE,FALSE,FALSE,https://github.com/sdss/casload/tree/astra_DR20/sql/astra/mwm_boss_allstar.sql,/uufs/chpc.utah.edu/common/home/sdss/dr20/data/cas-load/asCSV/mwmAllStar.csv,\\SDSS4C\d$\sql_db\staging\sdss5\casload\dr20\asCSV\mwmAllStar.csv,,,,mwm_boss_allstar,,
mwmAllVisit (boss),TRUE,TRUE,FALSE,FALSE,FALSE,https://github.com/sdss/casload/tree/astra_DR20/sql/astra/mwm_boss_allvisit.sql,/uufs/chpc.utah.edu/common/home/sdss/dr20/data/cas-load/asCSV/mwmAllVisit_boss.csv,\\SDSS4C\d$\sql_db\staging\sdss5\casload\dr20\asCSV\mwmAllVisit_boss.csv,,,,mwm_boss_allvisit,,
,FALSE,FALSE,FALSE,FALSE,FALSE,,,,,,,,,
allspec,TRUE,TRUE,TRUE,FALSE,TRUE,https://github.com/sdss/casload/blob/DR20_allspec/sql/allspec.sql,/uufs/chpc.utah.edu/common/home/sdss/dr20/data/cas-load/allspecCSV/allspec-dr20-1.0.2.csv ,\\SDSS4C\d$\sql_db\staging\sdss5\casload\dr20\allspecCSV\allspec.csv,,,,allspec,,
multiplex,TRUE,TRUE,TRUE,FALSE,TRUE,https://github.com/sdss/casload/blob/DR20_allspec/sql/allspec.sql,/uufs/chpc.utah.edu/common/home/sdss/dr20/data/cas-load/allspecCSV/multiplex-dr20-1.0.2.csv ,\\SDSS4C\d$\sql_db\staging\sdss5\casload\dr20\allspecCSV\multiplex.csv,,,,multiplex,,
,FALSE,FALSE,FALSE,FALSE,FALSE,,,,,,,,,
APOGEE (copied from last year),TRUE,TRUE,FALSE,FALSE,FALSE,,,,,,,,,
,FALSE,FALSE,FALSE,FALSE,FALSE,,,,,,,,,
,FALSE,FALSE,FALSE,FALSE,FALSE,,,,,,,,,
,FALSE,FALSE,FALSE,FALSE,FALSE,,,,,,,,,
,FALSE,FALSE,FALSE,FALSE,FALSE,,,,,,,,,